{
  "shape_before": [
    204277,
    24
  ],
  "shape_after": [
    361110,
    24
  ],
  "train_size_balanced": 361110,
  "target_distribution": {
    "0": 0.8838717509898295,
    "1": 0.11612824901017048
  },
  "test_size": 51070,
  "class_dist_before": {
    "0": 180555,
    "1": 23722
  },
  "class_dist_after": {
    "0": 180555,
    "1": 180555
  }
}